item_id,vendor_name,title,description,price_cents,calories,calories_confidence,calories_source,model_pred_calories,annotated_calories,accept,notes
hb-i1,healthybee,Paneer Sprouts Salad,"Cottage cheese, mixed sprouts, cucumber, tomato, light dressing.",259,180.0,,,,,,
hb-i2,healthybee,Quinoa & Roasted Veg Bowl,"Quinoa, seasonal roasted vegetables, seeds.",220,320.0,,,,,,
sg-i1,swad gomantak,Grilled Fish Thali (light),"Grilled fish, brown rice, salad; minimal oil.",299,380.0,,,,,,
sg-i2,swad gomantak,Veg Pulao (light),Mixed veg pulao with light seasoning.,150,260.0,,,,,,
skv-i1,shree krishna veg,Moong Dal Chilla Wrap,Moong dal chilla stuffed with greens.,120,160.0,,,,,,
51ef1dc9-0,healthybee,Paneer Sprouts Salad,,259,161.9514766924047,0.7,model_regressor,161.9514766924047,,,
51ef1dc9-1,healthybee,Spinach Paneer Bhurji Chapati Meal,,294,293.59723095701713,0.7,model_regressor,293.59723095701713,,,
51ef1dc9-2,healthybee,Non-Veg High Protein Meal Box,,401,239.75630196920707,0.7,model_regressor,239.75630196920707,,,
51ef1dc9-3,healthybee,Rajma Masala Brown Rice Meal Box,,319,140.56576944219438,0.7,model_regressor,140.56576944219438,,,
51ef1dc9-4,healthybee,Protein Rich Chickpea Curry Brown Rice Meal Box,,314,207.05693007371215,0.7,model_regressor,207.05693007371215,,,
51ef1dc9-5,healthybee,Chicken Tikka Wrap,,265,153.27408260524118,0.7,model_regressor,153.27408260524118,,,
51ef1dc9-6,healthybee,Protein Rich Chickpea Wrap,,257,218.87410614645069,0.7,model_regressor,218.87410614645069,,,
51ef1dc9-7,healthybee,Strawberry Banana Chia Smoothie,,209,95.97577063508014,0.7,model_regressor,95.97577063508014,,,
51ef1dc9-8,healthybee,Protein Rich Chickpea Sandwich,,200,207.64367751596825,0.7,model_regressor,207.64367751596825,,,
51ef1dc9-9,healthybee,Chicken Tikka Sandwich,,208,148.94204847455933,0.7,model_regressor,148.94204847455933,,,
51ef1dc9-10,healthybee,Only Peri Peri Grilled Chicken [200 gm],,349,253.55245421637443,0.7,model_regressor,253.55245421637443,,,
51ef1dc9-11,healthybee,Purple Rice,,169,167.14108795095393,0.7,model_regressor,167.14108795095393,,,
51ef1dc9-12,healthybee,Quinoa Chicken Tabbouleh Salad,,349,203.7442753732924,0.7,model_regressor,203.7442753732924,,,
51ef1dc9-13,healthybee,Quinoa Paneer Tabbouleh Salad,,319,259.2241063004478,0.7,model_regressor,259.2241063004478,,,
51ef1dc9-14,healthybee,Paneer Burrito Bowl,,319,249.2240597727543,0.7,model_regressor,249.2240597727543,,,
51ef1dc9-15,healthybee,Chicken Grilled Sandwich,,197,198.47130501279185,0.7,model_regressor,198.47130501279185,,,
51ef1dc9-16,healthybee,Paneer Tikka Grilled Sandwich,,208,226.24802560289905,0.7,model_regressor,226.24802560289905,,,
51ef1dc9-17,healthybee,Veg Grilled Sandwich,,169,223.6415823631425,0.7,model_regressor,223.6415823631425,,,
51ef1dc9-18,healthybee,Punjabi Club Grilled Sandwich,,251,213.30159263123895,0.7,model_regressor,213.30159263123895,,,
51ef1dc9-19,healthybee,Chicken Coleslaw Sandwich,,192,159.32754482699448,0.7,model_regressor,159.32754482699448,,,
51ef1dc9-20,healthybee,Omelette Chicken Decker Sandwich,,299,155.66971291968687,0.7,model_regressor,155.66971291968687,,,
51ef1dc9-21,healthybee,Veg Sandwich,,136,195.59119032481533,0.7,model_regressor,195.59119032481533,,,
51ef1dc9-22,healthybee,Chicken Mayo Grilled Sandwich,,219,198.47130501279185,0.7,model_regressor,198.47130501279185,,,
51ef1dc9-23,healthybee,Bite into the goodness of chicken and mayonnaise enveloped in multi-grain grilled sandwich.,,181,198.47130501279185,0.7,model_regressor,198.47130501279185,,,
51ef1dc9-24,healthybee,Boiled Egg Sandwich,,181,143.74070405982,0.7,model_regressor,143.74070405982,,,
51ef1dc9-25,healthybee,Veg Coleslaw Sandwich,,169,195.59119032481533,0.7,model_regressor,195.59119032481533,,,
51ef1dc9-26,healthybee,Cheese Chilli Grilled Sandwich,,191,213.30159263123895,0.7,model_regressor,213.30159263123895,,,
51ef1dc9-27,healthybee,Paneer Peri Peri Salad,,279,258.01999321236207,0.7,model_regressor,258.01999321236207,,,
51ef1dc9-28,healthybee,Peri - Peri Chicken Salad,,299,210.69991239975803,0.7,model_regressor,210.69991239975803,,,
51ef1dc9-29,healthybee,Jamaican Jerk Chicken Salad,,299,119.7039219703512,0.7,model_regressor,119.7039219703512,,,
51ef1dc9-30,healthybee,Basil Pesto Chicken Salad,,299,119.7039219703512,0.7,model_regressor,119.7039219703512,,,
51ef1dc9-31,healthybee,Creamy Garlic Chicken Salad,,319,119.7039219703512,0.7,model_regressor,119.7039219703512,,,
51ef1dc9-32,healthybee,Steamed Chicken Salad - Lean Protein,,299,156.06749584246722,0.7,model_regressor,156.06749584246722,,,
51ef1dc9-33,healthybee,Zesty Herbs Grilled Paneer Salad,,279,259.5166711051805,0.7,model_regressor,259.5166711051805,,,
51ef1dc9-34,healthybee,Classic Grill Chicken Salad,,299,119.7039219703512,0.7,model_regressor,119.7039219703512,,,
51ef1dc9-35,healthybee,Sprouts Salad,,194,48.92196680725704,0.7,model_regressor,48.92196680725704,,,
51ef1dc9-36,healthybee,Fruit Sprouts Salad,,230,40.36885037411554,0.7,model_regressor,40.36885037411554,,,
51ef1dc9-37,healthybee,Paneer Salad,,240,210.5113496937364,0.7,model_regressor,210.5113496937364,,,
51ef1dc9-38,healthybee,Boiled Eggs Salad,,204,135.63816977001315,0.7,model_regressor,135.63816977001315,,,
51ef1dc9-39,healthybee,Chickpea Beetroot Salad,,249,183.457320509629,0.7,model_regressor,183.457320509629,,,
51ef1dc9-40,healthybee,Corn Sprouts Salad,,194,40.36885037411554,0.7,model_regressor,40.36885037411554,,,
51ef1dc9-41,healthybee,Corn Salad,,194,114.7699831377132,0.7,model_regressor,114.7699831377132,,,
51ef1dc9-42,healthybee,Chicken Curry Brown Rice Meal Box,,324,172.49072757602647,0.7,model_regressor,172.49072757602647,,,
51ef1dc9-43,healthybee,Palak Paneer Chapati Meal Box,,274,302.1933309390877,0.7,model_regressor,302.1933309390877,,,
51ef1dc9-44,healthybee,Protein Rich Chickpea Curry Chapati Meal Box,,294,292.04947755309814,0.7,model_regressor,292.04947755309814,,,
51ef1dc9-45,healthybee,Chicken Curry Chapati Meal Box,,299,282.0738242087336,0.7,model_regressor,282.0738242087336,,,
51ef1dc9-46,healthybee,Palak Paneer Brown Rice Meal Box,,294,251.24301526399609,0.7,model_regressor,251.24301526399609,,,
51ef1dc9-47,healthybee,Rajma Masala Chapati Meal Box,,309,222.1645603191496,0.7,model_regressor,222.1645603191496,,,
51ef1dc9-48,healthybee,Paneer Wrap,,251,258.6822317672699,0.7,model_regressor,258.6822317672699,,,
51ef1dc9-49,healthybee,Chicken Egg Wrap,,284,159.75791039092562,0.7,model_regressor,159.75791039092562,,,
51ef1dc9-50,healthybee,"Packed with eggs, chicken, and vegetables, this wheat paratha wrap is prepared in olive oil.",,207,165.61171660741994,0.7,model_regressor,165.61171660741994,,,
51ef1dc9-51,healthybee,Corn Veggie Wrap,,207,166.5792053383477,0.7,model_regressor,166.5792053383477,,,
51ef1dc9-52,healthybee,Chicken Wrap,,262,180.16270429281553,0.7,model_regressor,180.16270429281553,,,
51ef1dc9-53,healthybee,Egg Wrap,,207,174.04490179763636,0.7,model_regressor,174.04490179763636,,,
51ef1dc9-54,healthybee,Spinach Egg White Omelette (Protein &amp; Iron Rich),,189,157.46717680540857,0.7,model_regressor,157.46717680540857,,,
51ef1dc9-55,healthybee,Chicken Omelette ( Lean Protein Source ),,249,156.17305937650792,0.7,model_regressor,156.17305937650792,,,
51ef1dc9-56,healthybee,Double Deck Chicken Omelette,,259,155.7582602832888,0.7,model_regressor,155.7582602832888,,,
51ef1dc9-57,healthybee,Spinach Egg White Bhurji (Protein &amp; Iron Rich),,249,170.1476790198509,0.7,model_regressor,170.1476790198509,,,
51ef1dc9-58,healthybee,Boiled Eggs (3 Pcs),,89,165.69510578291667,0.7,model_regressor,165.69510578291667,,,
51ef1dc9-59,healthybee,"Masala Omelette (Healthy Bhi, Desi Bhi)",,159,181.9101029692392,0.7,model_regressor,181.9101029692392,,,
51ef1dc9-60,healthybee,Chicken Brown Rice Bowl,,299,186.10511245377091,0.7,model_regressor,186.10511245377091,,,
51ef1dc9-61,healthybee,Paneer Brown Rice Bowl,,274,243.7646228482736,0.7,model_regressor,243.7646228482736,,,
51ef1dc9-62,healthybee,Veg Brown Rice Bowl,,240,208.613466441624,0.7,model_regressor,208.613466441624,,,
51ef1dc9-63,healthybee,Egg Brown Rice Bowl,,274,181.5141111495551,0.7,model_regressor,181.5141111495551,,,
51ef1dc9-64,healthybee,Banana Date Smoothie,,220,95.85381794090912,0.7,model_regressor,95.85381794090912,,,
51ef1dc9-65,healthybee,Banana Milkshake,,139,91.6185582146488,0.7,model_regressor,91.6185582146488,,,
51ef1dc9-66,healthybee,Apple Banana Milkshake,,165,89.13717120907903,0.7,model_regressor,89.13717120907903,,,
51ef1dc9-67,healthybee,"Healthy and flavorful shake prepared with milk, apple, and banana.",,155,129.25225762380347,0.7,model_regressor,129.25225762380347,,,
51ef1dc9-68,healthybee,Apple Milkshake,,155,63.88993403417882,0.7,model_regressor,63.88993403417882,,,
51ef1dc9-69,healthybee,Pomegranate Juice [sugar-free],,165,167.28626289329247,0.7,model_regressor,167.28626289329247,,,
51ef1dc9-70,healthybee,Basil Papaya Juice [sugar-free],,155,167.28626289329247,0.7,model_regressor,167.28626289329247,,,
51ef1dc9-71,healthybee,Carrot Beetroot Juice [sugar-free],,155,209.24520489992327,0.7,model_regressor,209.24520489992327,,,
51ef1dc9-72,healthybee,Basil Watermelon Juice [sugar-free],,155,167.28626289329247,0.7,model_regressor,167.28626289329247,,,
51ef1dc9-73,healthybee,Balance Fruit Bowl,,184,195.69552879636527,0.7,model_regressor,195.69552879636527,,,
51ef1dc9-74,healthybee,Fruit Custard Bowl,,169,195.69552879636527,0.7,model_regressor,195.69552879636527,,,
51ef1dc9-75,healthybee,Quinoa Chickpea Tabbouleh Salad,,279,222.69419568229029,0.7,model_regressor,222.69419568229029,,,
51ef1dc9-76,healthybee,Peanut Butter Fruits Oatmeal,,249,205.49110552052156,0.7,model_regressor,205.49110552052156,,,
51ef1dc9-77,healthybee,Fruit Milk Oats,,179,138.3752334869614,0.7,model_regressor,138.3752334869614,,,
51ef1dc9-78,healthybee,Milk Oats,,149,167.28626289329247,0.7,model_regressor,167.28626289329247,,,
51ef1dc9-79,healthybee,Brown Rice (200 gm),,140,156.47240537687125,0.7,model_regressor,156.47240537687125,,,
51ef1dc9-80,healthybee,Beetroot Chapati (1 Pc),,35,291.9126253421801,0.7,model_regressor,291.9126253421801,,,
51ef1dc9-81,healthybee,Parsley Dip,,39,167.28626289329247,0.7,model_regressor,167.28626289329247,,,
51ef1dc9-82,healthybee,Spinach Chapati (1 Pc),,35,292.2595169618141,0.7,model_regressor,292.2595169618141,,,
51ef1dc9-83,healthybee,Chicken Burrito Bowl,,339,208.70793490661976,0.7,model_regressor,208.70793490661976,,,
51ef1dc9-84,healthybee,Cucumber Mint Lemonade,,129,167.28626289329247,0.7,model_regressor,167.28626289329247,,,
51ef1dc9-85,healthybee,Honey Ginger Lemonade,,129,167.28626289329247,0.7,model_regressor,167.28626289329247,,,
51ef1dc9-86,healthybee,Classic Lemonade,,90,167.28626289329247,0.7,model_regressor,167.28626289329247,,,
51ef1dc9-87,healthybee,P P L Detox [sugar-free],,184,167.28626289329247,0.7,model_regressor,167.28626289329247,,,
3264c85c-88,swad gomantak,Surmai Thali,,650,263.9483539963847,0.7,model_regressor,263.9483539963847,,,
3264c85c-89,swad gomantak,Pomfret Thali,,770,263.9483539963847,0.7,model_regressor,263.9483539963847,,,
3264c85c-90,swad gomantak,Chicken Malvani Thali,,400,238.9530793112242,0.7,model_regressor,238.9530793112242,,,
3264c85c-91,swad gomantak,Gomanntak Special Seafood Thali,,890,263.9483539963847,0.7,model_regressor,263.9483539963847,,,
3264c85c-92,swad gomantak,Gomanntak Konkan Special Thali,,790,263.9483539963847,0.7,model_regressor,263.9483539963847,,,
3264c85c-93,swad gomantak,Prawns Thali,,650,263.9483539963847,0.7,model_regressor,263.9483539963847,,,
3264c85c-94,swad gomantak,Crab Thali,,650,263.9483539963847,0.7,model_regressor,263.9483539963847,,,
3264c85c-95,swad gomantak,Bangda Thali,,450,263.9483539963847,0.7,model_regressor,263.9483539963847,,,
3264c85c-96,swad gomantak,Bombil Thali,,450,263.9483539963847,0.7,model_regressor,263.9483539963847,,,
3264c85c-97,swad gomantak,Mandeli Thali,,350,263.9483539963847,0.7,model_regressor,263.9483539963847,,,
3264c85c-98,swad gomantak,Veg Thali,,250,268.43352559587225,0.7,model_regressor,268.43352559587225,,,
3264c85c-99,swad gomantak,Egg Thali,,210,228.9557145988802,0.7,model_regressor,228.9557145988802,,,
3264c85c-100,swad gomantak,Mutton Malvani Thali,,600,263.9483539963847,0.7,model_regressor,263.9483539963847,,,
3264c85c-101,swad gomantak,Surmai Curry,,689,189.56055133016685,0.7,model_regressor,189.56055133016685,,,
3264c85c-102,swad gomantak,Surmai Konkan Curry,,689,189.56055133016685,0.7,model_regressor,189.56055133016685,,,
3264c85c-103,swad gomantak,Surmai Tawa Masala,,495,216.15593958455543,0.7,model_regressor,216.15593958455543,,,
3264c85c-104,swad gomantak,Surmai Tikhale,,689,231.9229926582528,0.7,model_regressor,231.9229926582528,,,
3264c85c-105,swad gomantak,Prawns Konkan Curry,,589,189.56055133016685,0.7,model_regressor,189.56055133016685,,,
3264c85c-106,swad gomantak,Prawns Masala,,589,216.15593958455543,0.7,model_regressor,216.15593958455543,,,
3264c85c-107,swad gomantak,Prawns Sukka,,589,231.9229926582528,0.7,model_regressor,231.9229926582528,,,
3264c85c-108,swad gomantak,Prawns Curry,,589,189.56055133016685,0.7,model_regressor,189.56055133016685,,,
3264c85c-109,swad gomantak,Chicken Kombdi Vade,,590,199.4532884713104,0.7,model_regressor,199.4532884713104,,,
3264c85c-110,swad gomantak,Chicken Malwani Handi,,390,212.29074587833185,0.7,model_regressor,212.29074587833185,,,
3264c85c-111,swad gomantak,Chicken Curry,,350,173.25154232735164,0.7,model_regressor,173.25154232735164,,,
3264c85c-112,swad gomantak,Chicken Sukka,,350,199.4532884713104,0.7,model_regressor,199.4532884713104,,,
3264c85c-113,swad gomantak,Chicken Maratha Curry,,350,174.03941258300088,0.7,model_regressor,174.03941258300088,,,
3264c85c-114,swad gomantak,Chicken Masala,,350,198.61939472678768,0.7,model_regressor,198.61939472678768,,,
3264c85c-115,swad gomantak,Chicken Kadai,,350,199.4532884713104,0.7,model_regressor,199.4532884713104,,,
3264c85c-116,swad gomantak,Chicken Handi,,390,212.29074587833185,0.7,model_regressor,212.29074587833185,,,
3264c85c-117,swad gomantak,Chicken Keema,,350,199.4532884713104,0.7,model_regressor,199.4532884713104,,,
3264c85c-118,swad gomantak,Chicken Maratha Handi,,390,212.29074587833185,0.7,model_regressor,212.29074587833185,,,
3264c85c-119,swad gomantak,Chicken Tawa Masala,,350,198.61939472678768,0.7,model_regressor,198.61939472678768,,,
3264c85c-120,swad gomantak,Tisrya Sukka,,450,231.9229926582528,0.7,model_regressor,231.9229926582528,,,
3264c85c-121,swad gomantak,Tisrya Masala,,450,216.15593958455543,0.7,model_regressor,216.15593958455543,,,
3264c85c-122,swad gomantak,Tisrya Curry,,450,189.56055133016685,0.7,model_regressor,189.56055133016685,,,
3264c85c-123,swad gomantak,Pomfret Tikhale,,689,231.9229926582528,0.7,model_regressor,231.9229926582528,,,
3264c85c-124,swad gomantak,Pomfret Tawa Masala,,689,216.15593958455543,0.7,model_regressor,216.15593958455543,,,
3264c85c-125,swad gomantak,Pomfret Konkan Curry,,689,189.56055133016685,0.7,model_regressor,189.56055133016685,,,
3264c85c-126,swad gomantak,Pomfret Curry,,689,189.56055133016685,0.7,model_regressor,189.56055133016685,,,
3264c85c-127,swad gomantak,Bangda Tawa Masala,,450,216.15593958455543,0.7,model_regressor,216.15593958455543,,,
3264c85c-128,swad gomantak,Bangda Tikhale,,450,231.9229926582528,0.7,model_regressor,231.9229926582528,,,
3264c85c-129,swad gomantak,Bangda Curry,,450,189.56055133016685,0.7,model_regressor,189.56055133016685,,,
3264c85c-130,swad gomantak,Bangda Konkan Curry,,450,189.56055133016685,0.7,model_regressor,189.56055133016685,,,
3264c85c-131,swad gomantak,Mutton Curry,,550,189.56055133016685,0.7,model_regressor,189.56055133016685,,,
3264c85c-132,swad gomantak,Mutton Sukka Dry,,550,231.9229926582528,0.7,model_regressor,231.9229926582528,,,
3264c85c-133,swad gomantak,Mutton Vade,,610,231.9229926582528,0.7,model_regressor,231.9229926582528,,,
3264c85c-134,swad gomantak,Mutton Handi,,550,229.50753370105,0.7,model_regressor,229.50753370105,,,
3264c85c-135,swad gomantak,Mutton Maratha Handi,,550,229.50753370105,0.7,model_regressor,229.50753370105,,,
3264c85c-136,swad gomantak,Mutton Masala,,550,216.15593958455543,0.7,model_regressor,216.15593958455543,,,
3264c85c-137,swad gomantak,Mutton Tawa Dry,,550,231.9229926582528,0.7,model_regressor,231.9229926582528,,,
3264c85c-138,swad gomantak,Veg Malwani Handi,,260,238.7045453701732,0.7,model_regressor,238.7045453701732,,,
3264c85c-139,swad gomantak,Mix Veg,,160,241.4495071229792,0.7,model_regressor,241.4495071229792,,,
3264c85c-140,swad gomantak,Paneer Handi,,270,262.58380835659244,0.7,model_regressor,262.58380835659244,,,
3264c85c-141,swad gomantak,Paneer Bhurji,,180,257.46609378107973,0.7,model_regressor,257.46609378107973,,,
3264c85c-142,swad gomantak,Matar Paneer,,170,262.58380835659244,0.7,model_regressor,262.58380835659244,,,
3264c85c-143,swad gomantak,Veg Handi,,250,238.7045453701732,0.7,model_regressor,238.7045453701732,,,
3264c85c-144,swad gomantak,Veg Kadai,,250,241.4495071229792,0.7,model_regressor,241.4495071229792,,,
3264c85c-145,swad gomantak,Dal Fry,,120,189.03281738422348,0.7,model_regressor,189.03281738422348,,,
3264c85c-146,swad gomantak,Dal Tadka,,130,192.39131480365924,0.7,model_regressor,192.39131480365924,,,
3264c85c-147,swad gomantak,Veg Saguti,,170,241.4495071229792,0.7,model_regressor,241.4495071229792,,,
3264c85c-148,swad gomantak,Veg Tawa,,170,241.4495071229792,0.7,model_regressor,241.4495071229792,,,
3264c85c-149,swad gomantak,Paneer Butter Masala,,200,260.5765731664588,0.7,model_regressor,260.5765731664588,,,
3264c85c-150,swad gomantak,Lasooni Dal,,130,189.03281738422348,0.7,model_regressor,189.03281738422348,,,
3264c85c-151,swad gomantak,Paneer Kadhai,,270,262.58380835659244,0.7,model_regressor,262.58380835659244,,,
3264c85c-152,swad gomantak,Green Peas Masala,,120,216.15593958455543,0.7,model_regressor,216.15593958455543,,,
3264c85c-153,swad gomantak,Shev Bhaji,,120,231.9229926582528,0.7,model_regressor,231.9229926582528,,,
3264c85c-154,swad gomantak,Egg Curry,,170,168.8506526529013,0.7,model_regressor,168.8506526529013,,,
3264c85c-155,swad gomantak,Egg Masala,,170,192.1321394254004,0.7,model_regressor,192.1321394254004,,,
3264c85c-156,swad gomantak,Egg Bhurji,,100,197.98728155366535,0.7,model_regressor,197.98728155366535,,,
3264c85c-157,swad gomantak,Egg Omelette,,90,158.1694180921944,0.7,model_regressor,158.1694180921944,,,
3264c85c-158,swad gomantak,Boiled Egg,,60,159.83892741332048,0.7,model_regressor,159.83892741332048,,,
3264c85c-159,swad gomantak,Prawns 65,,590,229.21689745534633,0.7,model_regressor,229.21689745534633,,,
3264c85c-160,swad gomantak,Tossed Prawns [8 Pieces],,590,232.1562205024661,0.7,model_regressor,232.1562205024661,,,
3264c85c-161,swad gomantak,Prawns Koliwada [8 Pieces],,590,232.1562205024661,0.7,model_regressor,232.1562205024661,,,
3264c85c-162,swad gomantak,Prawn Golden Fried,,490,231.9229926582528,0.7,model_regressor,231.9229926582528,,,
3264c85c-163,swad gomantak,Tossed Crab,,590,231.9229926582528,0.7,model_regressor,231.9229926582528,,,
3264c85c-164,swad gomantak,Crab Lollipop [6 Pieces],,400,232.1562205024661,0.7,model_regressor,232.1562205024661,,,
3264c85c-165,swad gomantak,Fish Fingers [6 Pieces],,340,257.2487734920038,0.7,model_regressor,257.2487734920038,,,
3264c85c-166,swad gomantak,Chicken Lollipop [6 Pieces],,300,214.7641847063396,0.7,model_regressor,214.7641847063396,,,
3264c85c-167,swad gomantak,Chicken Tava Fry,,250,199.4532884713104,0.7,model_regressor,199.4532884713104,,,
3264c85c-168,swad gomantak,Crab Lasooni Tadka,,590,214.57560914944168,0.7,model_regressor,214.57560914944168,,,
3264c85c-169,swad gomantak,Prawns Chilli,,490,231.9229926582528,0.7,model_regressor,231.9229926582528,,,
3264c85c-170,swad gomantak,Prawns Lasooni Tadka [6 Pieces],,590,226.98093275823192,0.7,model_regressor,226.98093275823192,,,
3264c85c-171,swad gomantak,Chicken Lasuni Tadka,,300,198.3467786478218,0.7,model_regressor,198.3467786478218,,,
3264c85c-172,swad gomantak,Tossed Prawns,,590,231.9229926582528,0.7,model_regressor,231.9229926582528,,,
3264c85c-173,swad gomantak,Prawns Tawa Fry,,490,231.9229926582528,0.7,model_regressor,231.9229926582528,,,
3264c85c-174,swad gomantak,Surmai Tawa Fry,,690,231.9229926582528,0.7,model_regressor,231.9229926582528,,,
3264c85c-175,swad gomantak,Pomfret Tawa Fry,,610,231.9229926582528,0.7,model_regressor,231.9229926582528,,,
3264c85c-176,swad gomantak,Bangada Tawa Fry,,250,231.9229926582528,0.7,model_regressor,231.9229926582528,,,
3264c85c-177,swad gomantak,Surmai Rava Fry,,690,231.9229926582528,0.7,model_regressor,231.9229926582528,,,
3264c85c-178,swad gomantak,Pomfret Rava Fry,,630,231.9229926582528,0.7,model_regressor,231.9229926582528,,,
3264c85c-179,swad gomantak,Prawns Rava Fry,,600,231.9229926582528,0.7,model_regressor,231.9229926582528,,,
3264c85c-180,swad gomantak,Bombil Rava Fry,,390,231.9229926582528,0.7,model_regressor,231.9229926582528,,,
3264c85c-181,swad gomantak,Mandeli Rava Fry,,260,231.9229926582528,0.7,model_regressor,231.9229926582528,,,
3264c85c-182,swad gomantak,Bangda Rava Fry,,490,231.9229926582528,0.7,model_regressor,231.9229926582528,,,
3264c85c-183,swad gomantak,Crab Masala,,590,216.15593958455543,0.7,model_regressor,216.15593958455543,,,
3264c85c-184,swad gomantak,Crab Sukka,,590,231.9229926582528,0.7,model_regressor,231.9229926582528,,,
3264c85c-185,swad gomantak,Crab Konkan Curry,,590,189.56055133016685,0.7,model_regressor,189.56055133016685,,,
3264c85c-186,swad gomantak,Crab Curry,,510,189.56055133016685,0.7,model_regressor,189.56055133016685,,,
3264c85c-187,swad gomantak,Solkadi,,70,231.9229926582528,0.7,model_regressor,231.9229926582528,,,
3264c85c-188,swad gomantak,Kokum Sharbat,,40,231.9229926582528,0.7,model_regressor,231.9229926582528,,,
3264c85c-189,swad gomantak,Mirgund Papad,,35,231.9229926582528,0.7,model_regressor,231.9229926582528,,,
3264c85c-190,swad gomantak,Roasted Papad,,20,251.78360965739108,0.7,model_regressor,251.78360965739108,,,
3264c85c-191,swad gomantak,Paneer 65 [8 Piece],,310,261.9464504814424,0.7,model_regressor,261.9464504814424,,,
3264c85c-192,swad gomantak,Paneer Chilly [8 Piece],,310,245.39464660877871,0.7,model_regressor,245.39464660877871,,,
3264c85c-193,swad gomantak,Surmai Fry [1 Pieces] With Prawns Curry & Steamed Rice,,699,215.7126828873808,0.7,model_regressor,215.7126828873808,,,
3264c85c-194,swad gomantak,Chicken Thali With Prawns Fry,,670,238.9530793112242,0.7,model_regressor,238.9530793112242,,,
3264c85c-195,swad gomantak,Chicken Thali With Surmai Fry,,670,238.9530793112242,0.7,model_regressor,238.9530793112242,,,
3264c85c-196,swad gomantak,Pomfret Fry With Prawns Curry & Steamed Rice,,599,209.74025726967608,0.7,model_regressor,209.74025726967608,,,
3264c85c-197,swad gomantak,Prawns Fry With Prawns Curry & Steamed Rice,,750,209.74025726967608,0.7,model_regressor,209.74025726967608,,,
3264c85c-198,swad gomantak,Bangda Fry With Prawns Curry & Steamed Rice,,490,209.74025726967608,0.7,model_regressor,209.74025726967608,,,
3264c85c-199,swad gomantak,Bombil Fry With Prawns Curry & Steamed Rice,,400,209.74025726967608,0.7,model_regressor,209.74025726967608,,,
3264c85c-200,swad gomantak,Chicken Thali With Bangda Fry,,580,238.9530793112242,0.7,model_regressor,238.9530793112242,,,
3264c85c-201,swad gomantak,Chicken Thali With Bombil Fry,,580,238.9530793112242,0.7,model_regressor,238.9530793112242,,,
3264c85c-202,swad gomantak,Kolambi Bhaat,,550,231.9229926582528,0.7,model_regressor,231.9229926582528,,,
3264c85c-203,swad gomantak,Prawns Biryani,,599,206.7983617084244,0.7,model_regressor,206.7983617084244,,,
3264c85c-204,swad gomantak,Mutton Biryani,,590,206.7983617084244,0.7,model_regressor,206.7983617084244,,,
3264c85c-205,swad gomantak,Fish Biryani,,699,237.00106738505528,0.7,model_regressor,237.00106738505528,,,
3264c85c-206,swad gomantak,Chicken Biryani,,450,186.62890785880268,0.7,model_regressor,186.62890785880268,,,
3264c85c-207,swad gomantak,Egg Biryani,,350,184.02625647483077,0.7,model_regressor,184.02625647483077,,,
3264c85c-208,swad gomantak,Veg Biryani,,290,219.081628038072,0.7,model_regressor,219.081628038072,,,
3264c85c-209,swad gomantak,Dal Khichdi,,250,129.2481151929424,0.7,model_regressor,129.2481151929424,,,
3264c85c-210,swad gomantak,Jeera Rice,,110,208.6301268408624,0.7,model_regressor,208.6301268408624,,,
3264c85c-211,swad gomantak,Plain Rice,,89,208.6301268408624,0.7,model_regressor,208.6301268408624,,,
3264c85c-212,swad gomantak,Paneer Biryani,,300,238.89055290636676,0.7,model_regressor,238.89055290636676,,,
3264c85c-213,swad gomantak,Surmai Chatpata Biryani,,599,206.7983617084244,0.7,model_regressor,206.7983617084244,,,
3264c85c-214,swad gomantak,Crab Lahsuni Biryani,,599,206.7983617084244,0.7,model_regressor,206.7983617084244,,,
3264c85c-215,swad gomantak,Pomfret Fry Biryani,,599,206.7983617084244,0.7,model_regressor,206.7983617084244,,,
3264c85c-216,swad gomantak,Mutton Kolhapuri Biryani,,550,206.7983617084244,0.7,model_regressor,206.7983617084244,,,
3264c85c-217,swad gomantak,Chicken Kolhapuri Biryani,,350,190.04031986127225,0.7,model_regressor,190.04031986127225,,,
3264c85c-218,swad gomantak,Bangda Fry Masala Biryani,,450,194.88511362487617,0.7,model_regressor,194.88511362487617,,,
3264c85c-219,swad gomantak,Veg Kolhapuri Biryani,,300,219.081628038072,0.7,model_regressor,219.081628038072,,,
3264c85c-220,swad gomantak,Crab Lasuni Biryani,,599,206.7983617084244,0.7,model_regressor,206.7983617084244,,,
3264c85c-221,swad gomantak,Chicken Lasooni Tadka [6 Pieces](soup),,330,206.55548167708068,0.7,model_regressor,206.55548167708068,,,
3264c85c-222,swad gomantak,Chicken Chilli,,300,199.4532884713104,0.7,model_regressor,199.4532884713104,,,
3264c85c-223,swad gomantak,Crab Soup,,280,231.9229926582528,0.7,model_regressor,231.9229926582528,,,
3264c85c-224,swad gomantak,Chicken Soup,,180,199.4532884713104,0.7,model_regressor,199.4532884713104,,,
3264c85c-225,swad gomantak,Prawns Soup,,280,231.9229926582528,0.7,model_regressor,231.9229926582528,,,
3264c85c-226,swad gomantak,Chicken Clear Soup,,140,199.4532884713104,0.7,model_regressor,199.4532884713104,,,
3264c85c-227,swad gomantak,Potato Bhaji,,120,231.9229926582528,0.7,model_regressor,231.9229926582528,,,
3264c85c-228,swad gomantak,Veg Soup,,140,241.4495071229792,0.7,model_regressor,241.4495071229792,,,
3264c85c-229,swad gomantak,Mutton Soup,,190,231.9229926582528,0.7,model_regressor,231.9229926582528,,,
3264c85c-230,swad gomantak,Mutton Clear Soup,,180,231.9229926582528,0.7,model_regressor,231.9229926582528,,,
3264c85c-231,swad gomantak,Chicken Tawa Fry,,330,199.4532884713104,0.7,model_regressor,199.4532884713104,,,
3264c85c-232,swad gomantak,Chicken Oil Fry [8 Pieces],,300,214.7641847063396,0.7,model_regressor,214.7641847063396,,,
3264c85c-233,swad gomantak,Rice Bhakri,,49,208.6301268408624,0.7,model_regressor,208.6301268408624,,,
3264c85c-234,swad gomantak,Chapati,,29,291.0084834805142,0.7,model_regressor,291.0084834805142,,,
3264c85c-235,swad gomantak,Vada [2 Pieces],,70,236.8813954790629,0.7,model_regressor,236.8813954790629,,,
ac4ec427-236,shree krishna veg es,Kaju Paneer Masala,,360,208.59596809128143,0.7,model_regressor,208.59596809128143,,,
ac4ec427-237,shree krishna veg es,Paneer Tikka Masala,,360,199.45859524420644,0.7,model_regressor,199.45859524420644,,,
ac4ec427-238,shree krishna veg es,Palak Paneer,,330,233.9851659676474,0.7,model_regressor,233.9851659676474,,,
ac4ec427-239,shree krishna veg es,Paneer Tawa Masala..,,360,208.59596809128143,0.7,model_regressor,208.59596809128143,,,
ac4ec427-240,shree krishna veg es,Kofta Zaikedar,,360,188.69778242687508,0.7,model_regressor,188.69778242687508,,,
ac4ec427-241,shree krishna veg es,Nargis Kofta Curry.,,340,191.11333107459507,0.7,model_regressor,191.11333107459507,,,
ac4ec427-242,shree krishna veg es,Paneer Rajwadi,,360,217.7053222501472,0.7,model_regressor,217.7053222501472,,,
ac4ec427-243,shree krishna veg es,Paneer Lazeez.,,350,217.7053222501472,0.7,model_regressor,217.7053222501472,,,
ac4ec427-244,shree krishna veg es,Maharaja Veg,,330,199.0912970828267,0.7,model_regressor,199.0912970828267,,,
ac4ec427-245,shree krishna veg es,Paneer Butter Masala..,,360,225.627139237863,0.7,model_regressor,225.627139237863,,,
ac4ec427-246,shree krishna veg es,Paneer Bhurji,,360,223.10196694412377,0.7,model_regressor,223.10196694412377,,,
ac4ec427-247,shree krishna veg es,Subz Maratha,,360,188.69778242687508,0.7,model_regressor,188.69778242687508,,,
ac4ec427-248,shree krishna veg es,Paneer Amritsari,,360,217.7053222501472,0.7,model_regressor,217.7053222501472,,,
ac4ec427-249,shree krishna veg es,Subz Patiala,,360,188.69778242687508,0.7,model_regressor,188.69778242687508,,,
ac4ec427-250,shree krishna veg es,Krishna Special Veg Curry,,370,196.84569396000643,0.7,model_regressor,196.84569396000643,,,
ac4ec427-251,shree krishna veg es,Paneer Musallam,,350,217.7053222501472,0.7,model_regressor,217.7053222501472,,,
ac4ec427-252,shree krishna veg es,Paneer Kolhapuri,,350,217.7053222501472,0.7,model_regressor,217.7053222501472,,,
ac4ec427-253,shree krishna veg es,Paneer Golati,,360,217.7053222501472,0.7,model_regressor,217.7053222501472,,,
ac4ec427-254,shree krishna veg es,Paneer Chatpata..,,360,217.7053222501472,0.7,model_regressor,217.7053222501472,,,
ac4ec427-255,shree krishna veg es,Subz Bhuna,,350,188.69778242687508,0.7,model_regressor,188.69778242687508,,,
ac4ec427-256,shree krishna veg es,Subz Diwani Handi,,340,194.56416136607763,0.7,model_regressor,194.56416136607763,,,
ac4ec427-257,shree krishna veg es,Kaju Tawa Paneer,,360,217.7053222501472,0.7,model_regressor,217.7053222501472,,,
ac4ec427-258,shree krishna veg es,Mirch Paneer,,360,217.7053222501472,0.7,model_regressor,217.7053222501472,,,
ac4ec427-259,shree krishna veg es,Malai Kofta Curry,,340,191.11333107459507,0.7,model_regressor,191.11333107459507,,,
ac4ec427-260,shree krishna veg es,Chole Bhatura,,330,188.69778242687508,0.7,model_regressor,188.69778242687508,,,
ac4ec427-261,shree krishna veg es,Paneer Kofta,,350,217.7053222501472,0.7,model_regressor,217.7053222501472,,,
ac4ec427-262,shree krishna veg es,Subz Jalfrezi,,330,188.69778242687508,0.7,model_regressor,188.69778242687508,,,
ac4ec427-263,shree krishna veg es,Subz Kolhapuri.,,330,188.69778242687508,0.7,model_regressor,188.69778242687508,,,
ac4ec427-264,shree krishna veg es,Methi Mutter Malai,,330,188.69778242687508,0.7,model_regressor,188.69778242687508,,,
ac4ec427-265,shree krishna veg es,Paneer Do Pyaza,,320,217.7053222501472,0.7,model_regressor,217.7053222501472,,,
ac4ec427-266,shree krishna veg es,Sam Savera,,340,188.69778242687508,0.7,model_regressor,188.69778242687508,,,
ac4ec427-267,shree krishna veg es,Subz Peshawari,,340,188.69778242687508,0.7,model_regressor,188.69778242687508,,,
ac4ec427-268,shree krishna veg es,Dum Alu Kashmiri,,330,188.69778242687508,0.7,model_regressor,188.69778242687508,,,
ac4ec427-269,shree krishna veg es,Subz Chilly Milly,,320,189.43571200709312,0.7,model_regressor,189.43571200709312,,,
ac4ec427-270,shree krishna veg es,Mashroom Baby,,330,188.69778242687508,0.7,model_regressor,188.69778242687508,,,
ac4ec427-271,shree krishna veg es,Navaratna Kurma,,330,188.69778242687508,0.7,model_regressor,188.69778242687508,,,
ac4ec427-272,shree krishna veg es,Mushroom Tawa Masala :,,300,181.1403033035112,0.7,model_regressor,181.1403033035112,,,
ac4ec427-273,shree krishna veg es,Corn Masala,,330,161.8425236690598,0.7,model_regressor,161.8425236690598,,,
ac4ec427-274,shree krishna veg es,Cheese Peas Curry,,320,191.11333107459507,0.7,model_regressor,191.11333107459507,,,
ac4ec427-275,shree krishna veg es,Mushroom Masala,,290,181.1403033035112,0.7,model_regressor,181.1403033035112,,,
ac4ec427-276,shree krishna veg es,Chana Masala,,280,181.1403033035112,0.7,model_regressor,181.1403033035112,,,
ac4ec427-277,shree krishna veg es,Plain Palak,,300,199.71412275785613,0.7,model_regressor,199.71412275785613,,,
ac4ec427-278,shree krishna veg es,Lasuni Methi,,300,188.69778242687508,0.7,model_regressor,188.69778242687508,,,
ac4ec427-279,shree krishna veg es,Green Peas Masala....,,280,181.1403033035112,0.7,model_regressor,181.1403033035112,,,
ac4ec427-280,shree krishna veg es,Alu Jeera,,270,188.69778242687508,0.7,model_regressor,188.69778242687508,,,
ac4ec427-281,shree krishna veg es,Alu Muttar,,260,188.69778242687508,0.7,model_regressor,188.69778242687508,,,
ac4ec427-282,shree krishna veg es,Alu Gobi,,260,188.69778242687508,0.7,model_regressor,188.69778242687508,,,
ac4ec427-283,shree krishna veg es,Alu Methi,,260,188.69778242687508,0.7,model_regressor,188.69778242687508,,,
ac4ec427-284,shree krishna veg es,Alu Palak,,260,199.71412275785613,0.7,model_regressor,199.71412275785613,,,
ac4ec427-285,shree krishna veg es,Hyderabadi Biryani,,330,186.36388550844148,0.7,model_regressor,186.36388550844148,,,
ac4ec427-286,shree krishna veg es,Veg Biryani,,330,196.44814196645152,0.7,model_regressor,196.44814196645152,,,
ac4ec427-287,shree krishna veg es,Dal Khichadi,,290,172.74079288325603,0.7,model_regressor,172.74079288325603,,,
ac4ec427-288,shree krishna veg es,Palak Khichadi,,270,199.71412275785613,0.7,model_regressor,199.71412275785613,,,
ac4ec427-289,shree krishna veg es,Khichadi Kadhi,,310,188.69778242687508,0.7,model_regressor,188.69778242687508,,,
ac4ec427-290,shree krishna veg es,Peas Pulao,,260,190.0019698106006,0.7,model_regressor,190.0019698106006,,,
ac4ec427-291,shree krishna veg es,Dum Biryani,,340,186.36388550844148,0.7,model_regressor,186.36388550844148,,,
ac4ec427-292,shree krishna veg es,Paneer Tikka Biryani.,,330,203.6810337909876,0.7,model_regressor,203.6810337909876,,,
ac4ec427-293,shree krishna veg es,Paneer Pulao,,315,216.4036885085557,0.7,model_regressor,216.4036885085557,,,
ac4ec427-294,shree krishna veg es,Kashmiri Pulao,,305,190.0019698106006,0.7,model_regressor,190.0019698106006,,,
ac4ec427-295,shree krishna veg es,Cheese Pulao.,,315,190.0019698106006,0.7,model_regressor,190.0019698106006,,,
ac4ec427-296,shree krishna veg es,Dahi Khichadi,,310,188.69778242687508,0.7,model_regressor,188.69778242687508,,,
ac4ec427-297,shree krishna veg es,Subz Pulao,,280,190.0019698106006,0.7,model_regressor,190.0019698106006,,,
ac4ec427-298,shree krishna veg es,Jeera Rice,,190,182.40524485465272,0.7,model_regressor,182.40524485465272,,,
ac4ec427-299,shree krishna veg es,Curd Rice,,240,182.40524485465272,0.7,model_regressor,182.40524485465272,,,
ac4ec427-300,shree krishna veg es,Steam Rice,,170,182.40524485465272,0.7,model_regressor,182.40524485465272,,,
ac4ec427-301,shree krishna veg es,Veg Item. Vegetable Manchurian,,310,199.0912970828267,0.7,model_regressor,199.0912970828267,,,
ac4ec427-302,shree krishna veg es,Chilli Paneer,,330,217.7053222501472,0.7,model_regressor,217.7053222501472,,,
ac4ec427-303,shree krishna veg es,Spring Rolls,,330,188.69778242687508,0.7,model_regressor,188.69778242687508,,,
ac4ec427-304,shree krishna veg es,Paneer Satay,,350,217.7053222501472,0.7,model_regressor,217.7053222501472,,,
ac4ec427-305,shree krishna veg es,Crispy Paneer.,,350,217.7053222501472,0.7,model_regressor,217.7053222501472,,,
ac4ec427-306,shree krishna veg es,Kungpao Paneer,,350,217.7053222501472,0.7,model_regressor,217.7053222501472,,,
ac4ec427-307,shree krishna veg es,Crispy Vegetables,,340,188.69778242687508,0.7,model_regressor,188.69778242687508,,,
ac4ec427-308,shree krishna veg es,Honey Corn Chilli Paneer.,,350,194.540866445342,0.7,model_regressor,194.540866445342,,,
ac4ec427-309,shree krishna veg es,Shanghai Paneer.,,350,217.7053222501472,0.7,model_regressor,217.7053222501472,,,
ac4ec427-310,shree krishna veg es,Noodle Crispy Paneer,,330,217.7053222501472,0.7,model_regressor,217.7053222501472,,,
ac4ec427-311,shree krishna veg es,Vegetable Lollipop,,330,188.69778242687508,0.7,model_regressor,188.69778242687508,,,
ac4ec427-312,shree krishna veg es,Shezwan Tikka Paneer.,,340,207.66293638986184,0.7,model_regressor,207.66293638986184,,,
ac4ec427-313,shree krishna veg es,Paneer Hot Pan,,340,217.7053222501472,0.7,model_regressor,217.7053222501472,,,
ac4ec427-314,shree krishna veg es,Black Pepper Paneer.,,330,217.7053222501472,0.7,model_regressor,217.7053222501472,,,
ac4ec427-315,shree krishna veg es,Baby Corn Golden Fried,,320,167.7604752453036,0.7,model_regressor,167.7604752453036,,,
ac4ec427-316,shree krishna veg es,Plain Pav Bhaji,,195,188.69778242687508,0.7,model_regressor,188.69778242687508,,,
ac4ec427-317,shree krishna veg es,Butter Pav,,70,197.31808783195584,0.7,model_regressor,197.31808783195584,,,
ac4ec427-318,shree krishna veg es,Tawa Pulav,,290,188.69778242687508,0.7,model_regressor,188.69778242687508,,,
ac4ec427-319,shree krishna veg es,Paneer Pav Bhaji,,215,217.7053222501472,0.7,model_regressor,217.7053222501472,,,
ac4ec427-320,shree krishna veg es,Paneer Tawa Pulav,,320,217.7053222501472,0.7,model_regressor,217.7053222501472,,,
ac4ec427-321,shree krishna veg es,Jain Pav Bhaji,,230,188.69778242687508,0.7,model_regressor,188.69778242687508,,,
ac4ec427-322,shree krishna veg es,Cheese Tawa Pulav,,320,188.69778242687508,0.7,model_regressor,188.69778242687508,,,
ac4ec427-323,shree krishna veg es,Masala Pav,,170,181.1403033035112,0.7,model_regressor,181.1403033035112,,,
ac4ec427-324,shree krishna veg es,Cheese Pav Bhaji,,215,188.69778242687508,0.7,model_regressor,188.69778242687508,,,
ac4ec427-325,shree krishna veg es,Only Bhaji,,150,188.69778242687508,0.7,model_regressor,188.69778242687508,,,
ac4ec427-326,shree krishna veg es,Khada Pav Bhaji,,220,188.69778242687508,0.7,model_regressor,188.69778242687508,,,
ac4ec427-327,shree krishna veg es,Khada Bhaji,,180,188.69778242687508,0.7,model_regressor,188.69778242687508,,,
ac4ec427-328,shree krishna veg es,Jain Paneer Kofta,,370,217.7053222501472,0.7,model_regressor,217.7053222501472,,,
ac4ec427-329,shree krishna veg es,Jain Paneer Masala,,360,208.59596809128143,0.7,model_regressor,208.59596809128143,,,
ac4ec427-330,shree krishna veg es,Jain Kaju Masala,,360,181.1403033035112,0.7,model_regressor,181.1403033035112,,,
ac4ec427-331,shree krishna veg es,Jain Kaju Curry,,360,191.11333107459507,0.7,model_regressor,191.11333107459507,,,
ac4ec427-332,shree krishna veg es,Jain Paneer Pulao,,330,216.4036885085557,0.7,model_regressor,216.4036885085557,,,
ac4ec427-333,shree krishna veg es,Jain Palak Paneer,,330,233.9851659676474,0.7,model_regressor,233.9851659676474,,,
ac4ec427-334,shree krishna veg es,Jain Green Peas Pulao,,280,190.0019698106006,0.7,model_regressor,190.0019698106006,,,
ac4ec427-335,shree krishna veg es,Jain Cheese Pulao,,330,190.0019698106006,0.7,model_regressor,190.0019698106006,,,
ac4ec427-336,shree krishna veg es,Jain Chana Masala,,290,181.1403033035112,0.7,model_regressor,181.1403033035112,,,
ac4ec427-337,shree krishna veg es,Jain Green Peas Masala,,300,181.1403033035112,0.7,model_regressor,181.1403033035112,,,
ac4ec427-338,shree krishna veg es,Jain Dal Fry,,280,172.74079288325603,0.7,model_regressor,172.74079288325603,,,
ac4ec427-339,shree krishna veg es,Naan Butter,,85,197.31808783195584,0.7,model_regressor,197.31808783195584,,,
ac4ec427-340,shree krishna veg es,Roti Plain,,45,188.69778242687508,0.7,model_regressor,188.69778242687508,,,
ac4ec427-341,shree krishna veg es,Paneer Paratha,,160,217.7053222501472,0.7,model_regressor,217.7053222501472,,,
ac4ec427-342,shree krishna veg es,Cheese Paratha,,170,188.69778242687508,0.7,model_regressor,188.69778242687508,,,
ac4ec427-343,shree krishna veg es,Roti Butter,,60,197.31808783195584,0.7,model_regressor,197.31808783195584,,,
ac4ec427-344,shree krishna veg es,Methi Roti,,95,188.69778242687508,0.7,model_regressor,188.69778242687508,,,
ac4ec427-345,shree krishna veg es,Alu Paratha,,140,188.69778242687508,0.7,model_regressor,188.69778242687508,,,
ac4ec427-346,shree krishna veg es,Methi Paratha,,140,188.69778242687508,0.7,model_regressor,188.69778242687508,,,
ac4ec427-347,shree krishna veg es,Garlic Naan,,105,188.69778242687508,0.7,model_regressor,188.69778242687508,,,
ac4ec427-348,shree krishna veg es,Cheese Naan,,120,188.69778242687508,0.7,model_regressor,188.69778242687508,,,
ac4ec427-349,shree krishna veg es,Stuffed Kulcha,,105,188.69778242687508,0.7,model_regressor,188.69778242687508,,,
ac4ec427-350,shree krishna veg es,Onion Kulcha,,95,188.69778242687508,0.7,model_regressor,188.69778242687508,,,
ac4ec427-351,shree krishna veg es,Cheese Butter,,130,197.31808783195584,0.7,model_regressor,197.31808783195584,,,
ac4ec427-352,shree krishna veg es,Bhatura,,110,188.69778242687508,0.7,model_regressor,188.69778242687508,,,
ac4ec427-353,shree krishna veg es,Kulcha Butter,,95,197.31808783195584,0.7,model_regressor,197.31808783195584,,,
ac4ec427-354,shree krishna veg es,Paratha Butter,,85,197.31808783195584,0.7,model_regressor,197.31808783195584,,,
ac4ec427-355,shree krishna veg es,Naan Plain,,70,188.69778242687508,0.7,model_regressor,188.69778242687508,,,
ac4ec427-356,shree krishna veg es,Pudina Roti,,95,188.69778242687508,0.7,model_regressor,188.69778242687508,,,
ac4ec427-357,shree krishna veg es,Missi Roti,,80,188.69778242687508,0.7,model_regressor,188.69778242687508,,,
ac4ec427-358,shree krishna veg es,Paratha Plain,,75,188.69778242687508,0.7,model_regressor,188.69778242687508,,,
ac4ec427-359,shree krishna veg es,Veg Item. Schezwan Noodles,,330,199.0912970828267,0.7,model_regressor,199.0912970828267,,,
ac4ec427-360,shree krishna veg es,Hakka Noodles,,290,188.69778242687508,0.7,model_regressor,188.69778242687508,,,
ac4ec427-361,shree krishna veg es,Veg Manchurian,,310,199.0912970828267,0.7,model_regressor,199.0912970828267,,,
ac4ec427-362,shree krishna veg es,Paneer Manchurian,,310,217.7053222501472,0.7,model_regressor,217.7053222501472,,,
ac4ec427-363,shree krishna veg es,Vegetable Chow Mein,,310,188.69778242687508,0.7,model_regressor,188.69778242687508,,,
ac4ec427-364,shree krishna veg es,American Chopsuey,,330,188.69778242687508,0.7,model_regressor,188.69778242687508,,,
ac4ec427-365,shree krishna veg es,Singapori Chilli Noodles,,310,188.69778242687508,0.7,model_regressor,188.69778242687508,,,
ac4ec427-366,shree krishna veg es,Mushroom Manchurian.,,310,188.69778242687508,0.7,model_regressor,188.69778242687508,,,
ac4ec427-367,shree krishna veg es,Veg Schezwan,,310,199.0912970828267,0.7,model_regressor,199.0912970828267,,,
ac4ec427-368,shree krishna veg es,Veg Hot Garlic Sauce,,310,199.0912970828267,0.7,model_regressor,199.0912970828267,,,
ac4ec427-369,shree krishna veg es,Paneer Schezwan,,310,217.7053222501472,0.7,model_regressor,217.7053222501472,,,
ac4ec427-370,shree krishna veg es,Cream Of Tomato Soup,,190,188.69778242687508,0.7,model_regressor,188.69778242687508,,,
ac4ec427-371,shree krishna veg es,Veg Item. Cream Of Brocolli,,205,199.0912970828267,0.7,model_regressor,199.0912970828267,,,
ac4ec427-372,shree krishna veg es,Manchow Soup.,,195,188.69778242687508,0.7,model_regressor,188.69778242687508,,,
ac4ec427-373,shree krishna veg es,Manchow Soup,,195,188.69778242687508,0.7,model_regressor,188.69778242687508,,,
ac4ec427-374,shree krishna veg es,Tomyum Soup,,215,188.69778242687508,0.7,model_regressor,188.69778242687508,,,
ac4ec427-375,shree krishna veg es,Wonton Noodle Soup,,210,188.69778242687508,0.7,model_regressor,188.69778242687508,,,
ac4ec427-376,shree krishna veg es,Sweet Corn Soup,,195,167.7604752453036,0.7,model_regressor,167.7604752453036,,,
ac4ec427-377,shree krishna veg es,Spinach Soup,,195,197.0051678636547,0.7,model_regressor,197.0051678636547,,,
ac4ec427-378,shree krishna veg es,Wonton Soup,,200,188.69778242687508,0.7,model_regressor,188.69778242687508,,,
ac4ec427-379,shree krishna veg es,Cream Of Mashroom Soup,,195,188.69778242687508,0.7,model_regressor,188.69778242687508,,,
ac4ec427-380,shree krishna veg es,Cream Of Veg Soup,,195,199.0912970828267,0.7,model_regressor,199.0912970828267,,,
ac4ec427-381,shree krishna veg es,Lemon Coriander Soup,,185,188.69778242687508,0.7,model_regressor,188.69778242687508,,,
ac4ec427-382,shree krishna veg es,Vegetable Clear Soup,,185,188.69778242687508,0.7,model_regressor,188.69778242687508,,,
ac4ec427-383,shree krishna veg es,Hot & Sour Soup,,185,188.69778242687508,0.7,model_regressor,188.69778242687508,,,
ac4ec427-384,shree krishna veg es,Multani Mushroom,,320,188.69778242687508,0.7,model_regressor,188.69778242687508,,,
ac4ec427-385,shree krishna veg es,Peri Peri Tikka Paneer,,310,242.3113252808064,0.7,model_regressor,242.3113252808064,,,
ac4ec427-386,shree krishna veg es,Reshmi Tikka,,310,180.4022024350751,0.7,model_regressor,180.4022024350751,,,
ac4ec427-387,shree krishna veg es,Paneer Angara........,,310,217.7053222501472,0.7,model_regressor,217.7053222501472,,,
ac4ec427-388,shree krishna veg es,Hara Bhara Kebab,,290,188.69778242687508,0.7,model_regressor,188.69778242687508,,,
ac4ec427-389,shree krishna veg es,"Paneer Akbari, Malai Kebab (Sweet)",,310,217.7053222501472,0.7,model_regressor,217.7053222501472,,,
ac4ec427-390,shree krishna veg es,Veg Seekh Kabab,,300,199.0912970828267,0.7,model_regressor,199.0912970828267,,,
ac4ec427-391,shree krishna veg es,Baby Corn Tandoor,,300,167.7604752453036,0.7,model_regressor,167.7604752453036,,,
ac4ec427-392,shree krishna veg es,Gadbad,,295,188.69778242687508,0.7,model_regressor,188.69778242687508,,,
ac4ec427-393,shree krishna veg es,Dry Fruit Falooda,,260,167.7604752453036,0.7,model_regressor,167.7604752453036,,,
ac4ec427-394,shree krishna veg es,Sp. Falooda Kesar Kulfi,,260,188.69778242687508,0.7,model_regressor,188.69778242687508,,,
ac4ec427-395,shree krishna veg es,Special Fruit Salad,,210,158.29127170346692,0.7,model_regressor,158.29127170346692,,,
ac4ec427-396,shree krishna veg es,Fruit Plate With Cream,,270,167.7604752453036,0.7,model_regressor,167.7604752453036,,,
ac4ec427-397,shree krishna veg es,Special Fruit Salad With Icecream,,245,158.29127170346692,0.7,model_regressor,158.29127170346692,,,
ac4ec427-398,shree krishna veg es,Mango Mastani,,240,188.69778242687508,0.7,model_regressor,188.69778242687508,,,
ac4ec427-399,shree krishna veg es,Jelly With Ice Cream,,210,188.69778242687508,0.7,model_regressor,188.69778242687508,,,
ac4ec427-400,shree krishna veg es,Fruit Salad,,190,158.29127170346692,0.7,model_regressor,158.29127170346692,,,
ac4ec427-401,shree krishna veg es,Gulab Jamun (2 Pcs),,130,188.69778242687508,0.7,model_regressor,188.69778242687508,,,
ac4ec427-402,shree krishna veg es,Sizzling Brownie,,295,188.69778242687508,0.7,model_regressor,188.69778242687508,,,
ac4ec427-403,shree krishna veg es,Fruit Jelly,,190,167.7604752453036,0.7,model_regressor,167.7604752453036,,,
ac4ec427-404,shree krishna veg es,Banana Boat,,280,170.02089129614987,0.7,model_regressor,170.02089129614987,,,
ac4ec427-405,shree krishna veg es,Spl. Mastani (Mango),,310,188.69778242687508,0.7,model_regressor,188.69778242687508,,,
ac4ec427-406,shree krishna veg es,Spl. Mastani (Strawberry).,,310,178.65926406475674,0.7,model_regressor,178.65926406475674,,,
ac4ec427-407,shree krishna veg es,Schezwan Garlic Fried Rice,,390,182.40524485465272,0.7,model_regressor,182.40524485465272,,,
ac4ec427-408,shree krishna veg es,Triple Schezwan Rice...,,370,182.40524485465272,0.7,model_regressor,182.40524485465272,,,
ac4ec427-409,shree krishna veg es,Triple Manchurian Rice,,370,182.40524485465272,0.7,model_regressor,182.40524485465272,,,
ac4ec427-410,shree krishna veg es,Burnt Garlic Fried Rice.,,320,182.40524485465272,0.7,model_regressor,182.40524485465272,,,
ac4ec427-411,shree krishna veg es,Singapore Fried Rice...,,310,182.40524485465272,0.7,model_regressor,182.40524485465272,,,
ac4ec427-412,shree krishna veg es,Dal Tadka,,250,176.2319212523665,0.7,model_regressor,176.2319212523665,,,
ac4ec427-413,shree krishna veg es,Dal Kolhapuri Tadka,,280,174.6910808060491,0.7,model_regressor,174.6910808060491,,,
ac4ec427-414,shree krishna veg es,Dal Makkhani,,280,172.74079288325603,0.7,model_regressor,172.74079288325603,,,
ac4ec427-415,shree krishna veg es,Dhabewali Dal,,290,172.74079288325603,0.7,model_regressor,172.74079288325603,,,
ac4ec427-416,shree krishna veg es,Dal Palak,,260,184.1669834182779,0.7,model_regressor,184.1669834182779,,,
ac4ec427-417,shree krishna veg es,Dal Fry,,230,172.74079288325603,0.7,model_regressor,172.74079288325603,,,
ac4ec427-418,shree krishna veg es,Paneer Chilly Grilled S/W,,240,233.52088175011804,0.7,model_regressor,233.52088175011804,,,
ac4ec427-419,shree krishna veg es,Bombay Grill S/W,,200,188.69778242687508,0.7,model_regressor,188.69778242687508,,,
ac4ec427-420,shree krishna veg es,Veg Sandwich,,140,196.1209971134754,0.7,model_regressor,196.1209971134754,,,
ac4ec427-421,shree krishna veg es,Veg Grill S/W,,200,199.0912970828267,0.7,model_regressor,199.0912970828267,,,
ac4ec427-422,shree krishna veg es,Cheese Grill S/W,,180,188.69778242687508,0.7,model_regressor,188.69778242687508,,,
ac4ec427-423,shree krishna veg es,Tomato Omelette Toast S/W,,180,177.8189192854113,0.7,model_regressor,177.8189192854113,,,
ac4ec427-424,shree krishna veg es,Jam Toast,,115,188.69778242687508,0.7,model_regressor,188.69778242687508,,,
ac4ec427-425,shree krishna veg es,Toast Butter,,95,197.31808783195584,0.7,model_regressor,197.31808783195584,,,
ac4ec427-426,shree krishna veg es,Bread Butter,,85,197.31808783195584,0.7,model_regressor,197.31808783195584,,,
ac4ec427-427,shree krishna veg es,Jam Butter,,95,197.31808783195584,0.7,model_regressor,197.31808783195584,,,
ac4ec427-428,shree krishna veg es,Bread Slice 2 Pcs,,60,188.69778242687508,0.7,model_regressor,188.69778242687508,,,
ac4ec427-429,shree krishna veg es,Cheese Corn Grill S/W,,210,167.7604752453036,0.7,model_regressor,167.7604752453036,,,
ac4ec427-430,shree krishna veg es,Mashroom Corn Grill S/W,,220,167.7604752453036,0.7,model_regressor,167.7604752453036,,,
ac4ec427-431,shree krishna veg es,Veg Fingers,,220,199.0912970828267,0.7,model_regressor,199.0912970828267,,,
ac4ec427-432,shree krishna veg es,Masala Fries,,180,181.1403033035112,0.7,model_regressor,181.1403033035112,,,
ac4ec427-433,shree krishna veg es,Potato Cheese Pops,,220,188.69778242687508,0.7,model_regressor,188.69778242687508,,,
ac4ec427-434,shree krishna veg es,Cheese Garlic Bread,,215,188.69778242687508,0.7,model_regressor,188.69778242687508,,,
ac4ec427-435,shree krishna veg es,Aloo Tikki,,220,188.69778242687508,0.7,model_regressor,188.69778242687508,,,
ac4ec427-436,shree krishna veg es,Plain Fries,,180,188.69778242687508,0.7,model_regressor,188.69778242687508,,,
ac4ec427-437,shree krishna veg es,Chocolate,,170,188.69778242687508,0.7,model_regressor,188.69778242687508,,,
ac4ec427-438,shree krishna veg es,Strawberry,,160,178.65926406475674,0.7,model_regressor,178.65926406475674,,,
ac4ec427-439,shree krishna veg es,Butterscotch,,160,188.69778242687508,0.7,model_regressor,188.69778242687508,,,
ac4ec427-440,shree krishna veg es,Vanilla,,160,188.69778242687508,0.7,model_regressor,188.69778242687508,,,
ac4ec427-441,shree krishna veg es,Matka Kulfi,,120,188.69778242687508,0.7,model_regressor,188.69778242687508,,,
ac4ec427-442,shree krishna veg es,Malai Kulfi,,110,188.69778242687508,0.7,model_regressor,188.69778242687508,,,
ac4ec427-443,shree krishna veg es,Cassatta,,110,188.69778242687508,0.7,model_regressor,188.69778242687508,,,
ac4ec427-444,shree krishna veg es,Stick Kulfi,,90,188.69778242687508,0.7,model_regressor,188.69778242687508,,,
ac4ec427-445,shree krishna veg es,Kesar Pista,,170,188.69778242687508,0.7,model_regressor,188.69778242687508,,,
ac4ec427-446,shree krishna veg es,Pineapple Kaitha,,160,188.69778242687508,0.7,model_regressor,188.69778242687508,,,
ac4ec427-447,shree krishna veg es,Boondi Kaitha,,160,188.69778242687508,0.7,model_regressor,188.69778242687508,,,
ac4ec427-448,shree krishna veg es,Subz Raitha,,160,188.69778242687508,0.7,model_regressor,188.69778242687508,,,
ac4ec427-449,shree krishna veg es,Curd,,150,188.69778242687508,0.7,model_regressor,188.69778242687508,,,
ac4ec427-450,shree krishna veg es,Masala Papad,,75,181.1403033035112,0.7,model_regressor,181.1403033035112,,,
ac4ec427-451,shree krishna veg es,Cheese Masala Papad,,95,181.1403033035112,0.7,model_regressor,181.1403033035112,,,
ac4ec427-452,shree krishna veg es,Fry Papad.,,50,188.69778242687508,0.7,model_regressor,188.69778242687508,,,
ac4ec427-453,shree krishna veg es,Roasted Papad,,45,207.15934848547852,0.7,model_regressor,207.15934848547852,,,
ac4ec427-454,shree krishna veg es,Green Salad,,160,177.6162903955153,0.7,model_regressor,177.6162903955153,,,
